filename,subject,run,rows,size_mb,sample_nan_percent
S1-ADL1.dat,S1,ADL1,51116,49.4,3.83
S1-ADL2.dat,S1,ADL2,32224,31.24,3.57
S1-ADL3.dat,S1,ADL3,33273,32.33,2.97
S1-ADL4.dat,S1,ADL4,32955,32.66,2.6
S1-ADL5.dat,S1,ADL5,30127,29.31,3.76
S1-Drill.dat,S1,Drill,54966,53.71,2.67
S2-ADL1.dat,S2,ADL1,42797,41.17,3.8
S2-ADL2.dat,S2,ADL2,30182,29.29,2.62
S2-ADL3.dat,S2,ADL3,34232,33.2,2.94
S2-ADL4.dat,S2,ADL4,32748,31.59,1.7
S2-ADL5.dat,S2,ADL5,31826,30.9,2.65
S2-Drill.dat,S2,Drill,53398,51.86,2.53
S3-ADL1.dat,S3,ADL1,37223,36.06,2.35
S3-ADL2.dat,S3,ADL2,27825,27.02,0.72
S3-ADL3.dat,S3,ADL3,26717,25.96,0.45
S3-ADL4.dat,S3,ADL4,27681,26.68,2.0
S3-ADL5.dat,S3,ADL5,26495,25.8,1.11
S3-Drill.dat,S3,Drill,70928,68.78,2.42
S4-ADL1.dat,S4,ADL1,41588,40.18,14.4
S4-ADL2.dat,S4,ADL2,27737,26.96,1.59
S4-ADL3.dat,S4,ADL3,25132,25.04,7.2
S4-ADL4.dat,S4,ADL4,22230,21.61,2.64
S4-ADL5.dat,S4,ADL5,30527,29.67,1.04
S4-Drill.dat,S4,Drill,45460,44.02,12.78
